ID_result,#,0_1,0_2,0_3,0_4,0_5,1_1,1_2,1_3,1_4,1_5,2_1,2_2,2_3,2_4,2_5,5_1,5_2,5_3,5_4,5_5,10_1,10_2,10_3,10_4,10_5,20_1,20_2,20_3,20_4,20_5
,2,17.83792571,16.03146676,18.07991092,14.95387415,15.84043122,18.01922689,17.33972625,23.04163977,21.43040499,16.94804654,16.49914807,19.24706486,22.07771037,21.09206953,18.49085186,18.37939565,21.77136368,20.10996254,12.74225526,15.86382011,20.68573246,20.1651117,24.9113468,18.14842176,15.89081995,17.77751519,21.966491,19.42640851,19.18205778,15.58177269
,3,14.2867237,12.39380686,15.65721751,13.41112529,13.6859126,14.95614166,15.1524196,21.23248529,19.62629567,13.9499624,12.25466036,16.25332768,18.76046795,18.36046491,16.08679639,15.12402975,19.53253168,16.82094619,12.28968381,12.94102005,18.0865579,16.96104169,22.33256196,14.36730499,13.1599118,13.58283535,18.2097251,16.09840062,16.21185608,13.6166431
,4,13.51453383,11.74651788,13.67316529,11.19032355,12.67525942,13.88204328,12.77129387,18.41486543,17.3789454,13.34281406,12.09797559,14.71900836,16.85913013,16.47622582,14.436811,13.69445851,16.65796053,15.14401933,10.21665942,11.98406635,16.19144952,15.98154419,19.13161816,13.63099913,12.07075583,13.47929627,17.36578855,15.1037005,15.60160237,12.15561964
parent drug,5,0,5.77E-05,0,0,0,0.863167162,0.764428217,0.924130098,0.798263061,0.811946713,2.426131255,2.076041665,1.78769445,1.724664565,1.645272885,5.60042715,5.121308862,5.256386072,4.886894365,5.740013271,12.39607844,12.3355303,12.76488773,12.74346112,12.86238391,29.69315098,29.47427476,27.53694779,27.64044646,26.59812327
,6,8.964471867,7.936292886,9.493738583,8.521423019,9.012328227,8.815989325,9.236525271,13.26078331,12.16996383,9.069605903,7.721503933,10.34167772,11.83538812,11.02034523,10.52527587,9.623093406,11.9521689,10.53544332,8.434068851,7.88179195,11.71716958,10.8177033,14.26581978,9.191585165,8.656658628,8.585076716,11.95037363,10.59536888,10.83167444,9.074340519
,7,7.225983897,6.146406854,6.95419074,6.184311356,7.432019166,7.17710401,6.82465434,10.14337297,9.319422696,6.52531763,5.772053533,8.14119845,8.579251003,7.550861845,7.740194463,7.342818072,8.764136915,7.340250469,6.424636963,5.455673037,8.23129068,7.565086006,10.78178759,6.391835483,6.105560311,6.309677421,8.346625808,7.536207781,8.127693705,6.461694809
,8,6.959205488,6.238589559,7.427907805,6.40261876,6.341795938,7.581598487,7.809739777,11.06293713,9.890210816,7.435864227,6.4147647,8.672884622,9.902298635,9.366413963,8.59329882,7.998096527,10.24620387,9.031682049,6.161285756,6.779468412,9.760632003,9.370114586,12.08809776,7.814978581,6.858202171,7.179169477,9.850681243,8.639502809,8.68436551,7.152431934
,10,11.06808208,9.7522441,12.31439467,9.330465551,8.968290406,10.27859502,10.22252976,12.38455767,11.77694781,10.44209329,9.567135122,9.969696533,11.53292176,11.89939878,10.04743387,10.35858765,12.1054448,11.04747639,5.921874829,9.91322019,10.30605276,10.34345297,12.23418656,9.99968374,8.420310306,9.061382276,10.88146207,9.528321804,8.638415219,7.649206517
,11,5.17143043,5.164073441,6.987802203,5.646873329,5.173222985,5.622913928,5.327015941,6.91200297,5.826509934,4.938695489,4.852425353,5.400751562,5.674036176,5.614334464,5.073016386,5.207656812,5.435566562,4.962015381,4.518140763,4.701621953,5.11814009,4.663428682,5.88001734,4.363848382,4.330927172,3.997439641,4.809037887,4.305829389,4.60001003,4.064511688
,12,2.504893387,3.302587914,4.744206477,6.179349872,4.836522514,3.554497066,4.068614333,4.492439235,4.592858483,6.405112102,5.645465431,6.000871102,3.886699688,2.886674893,6.904064315,6.032918603,3.763996668,5.693878994,20.63174456,7.152185747,7.208369283,6.167134359,4.947720972,8.795326909,7.123262956,7.091994705,5.981417387,6.867749501,8.705075789,9.481936077
,13,3.90303213,3.498544966,4.276364289,3.652074057,3.723500722,4.227737973,4.342710451,6.325105138,5.593504565,4.200061819,3.552036696,4.94510315,5.624024007,5.232445089,4.911576372,4.596095988,5.690901364,5.049631599,3.694871939,3.853549995,5.578843221,5.347725557,6.829316918,4.466103752,3.925069969,4.143783983,5.638936161,5.064362568,5.121808363,4.209750748
,14,4.885899559,4.239691099,5.092198165,4.07142634,4.494875717,4.85130438,4.61908403,6.652320096,6.062404572,4.771461183,4.270371423,5.415036634,6.098447055,5.708401312,5.290912006,4.993896756,5.965461877,5.434934232,3.60481876,4.315148312,5.849580612,5.595575428,7.026618335,4.886819616,4.366833665,4.800061917,6.032352335,5.584551148,5.606711571,4.354419966
,15,5.4680298,4.691108089,5.737252036,4.346215364,4.378697831,4.718036519,4.761218206,5.876816014,5.472320059,4.836034438,4.090597746,4.482351066,5.380824059,5.337468257,4.570389851,4.685456587,5.418708972,4.985786057,2.61994675,4.197987411,4.523608579,4.611663815,5.383832287,4.364361421,3.652019361,3.869710336,4.89307358,4.276345861,3.848163548,3.320809334
,16,6.08467484,5.289426873,6.333282111,4.872189546,4.960240956,5.232470394,5.304623513,6.53547397,6.164460535,5.425152222,4.496405176,5.042106608,6.069132486,5.973856719,5.159301083,5.236003428,6.032488635,5.609618748,2.957439945,4.721199496,5.199432207,5.194980392,6.038980425,4.927719246,4.107255811,4.280602005,5.450740992,4.817687475,4.340164014,3.723327705
ID,17,9.12E-05,3.17E-05,0,0,2.48E-05,0.760171127,0.732714988,0.869251341,0.773131521,0.710435637,1.323203201,1.415910756,1.537530817,1.504615602,1.420036728,3.543684864,3.752416097,3.605056579,2.65083301,3.472646406,6.480914485,6.601758529,7.36069592,6.38627903,5.990820654,8.997490705,10.95942451,10.19840017,9.800244454,8.949532916
,18,10.38613567,10.16049689,12.04275571,9.765232268,9.592624449,10.7761081,10.91389852,12.52235566,11.20953669,10.58403935,11.89857136,11.25118554,11.64432154,11.83386578,10.49641067,10.93414891,11.81098353,11.56031887,7.507786933,11.00680735,11.08457849,11.24026365,12.48974946,11.07683885,9.473716825,11.56987294,11.86405758,11.1236921,10.20762731,9.214547402
,19,4.304432638,3.792986101,4.748727425,4.121952993,4.209279457,4.519426193,4.641927036,6.512362244,5.980259633,4.218720774,3.700577607,5.028930856,5.654104549,5.750580021,4.979912321,4.733160364,5.830187917,5.039089728,3.793039095,3.914096717,5.498118301,5.239913429,6.892161171,4.317723854,4.060646859,4.129759196,5.495762862,4.966432724,5.011385464,4.064855092
,20,2.407075223,3.820536551,6.593761501,8.227586304,9.866459781,7.906416117,4.602409982,4.578595288,4.143527956,9.224620168,7.213540731,7.291752897,6.589707362,3.280018988,5.113655541,6.136299392,4.203864948,4.017239706,8.836473793,8.048906707,10.37976862,5.728646647,5.434998991,4.41374602,10.75641544,17.8823209,6.933185859,6.797883306,8.039865425,8.981488712
,21,6.668693176,6.107665421,7.204201327,5.798496635,5.871357525,6.349458636,6.791247093,8.218980269,7.654762248,6.915197734,4.729637402,5.982234087,7.411983468,7.339481364,6.754197987,6.470633583,7.332214264,6.748269136,3.591933968,5.827586356,6.331269995,6.339698926,7.585757595,5.984427388,4.982182827,4.665211183,6.103914052,5.243833799,4.817647592,4.20397971
,22,3.567005016,3.23260511,3.777058518,3.425341777,3.552116053,3.68480775,3.925216746,5.822465918,5.130196522,3.955830772,3.303910802,4.716954775,5.168269293,4.625947758,4.721975518,4.254450748,5.26445639,4.70916409,3.647953298,3.538787489,5.381609816,5.032361903,6.478694181,4.287759654,3.941689808,3.983402949,5.528562506,4.936418208,5.147674299,4.202186735
,23,3.751091061,3.272624221,3.693221097,3.289246417,4.21224695,3.861864238,3.593417723,5.531390799,4.925097661,3.604516851,3.187840969,4.424614469,4.71269069,4.011707137,4.41095496,4.055553093,4.69690147,3.887701043,3.668137216,3.066146322,4.482907826,4.188734003,6.043600261,3.601984036,3.228710107,3.429988202,4.581467865,4.039183716,4.5861533,3.658132041
,24,3.22331489,2.801865222,3.571977316,2.991046183,3.142811707,3.296551785,3.331209315,4.823739809,4.414824343,3.275273172,2.80625882,3.699544309,4.308484366,4.101953053,3.752669286,3.498455796,4.436029756,3.827483715,2.908700858,2.884434028,4.197448337,3.956481786,5.199430071,3.368521453,3.060514626,3.102236821,4.297539322,3.749595707,3.756598623,3.233415745
,25,4.115129207,3.95957409,5.348342682,4.325325925,4.033979684,4.255733248,4.181773955,5.859071571,4.822553084,3.834530738,3.667464405,4.23123088,4.724512889,4.724003641,4.550038997,4.310576578,4.824232472,4.40475398,3.878677535,4.103301836,4.921878493,4.662089615,6.180535755,4.488302534,4.007288202,4.238103232,5.199955871,4.838131695,4.955990824,4.226740474
,26,8.985235943,8.653706323,8.993773176,7.160117709,7.421165414,7.597099248,8.172943377,10.86722102,9.091922121,8.467541167,6.700724204,7.807024785,8.890399855,8.088326644,7.655602519,7.417189441,8.277232195,7.792409944,4.431890763,5.955550978,6.869929039,6.613021016,8.215134888,6.252640002,5.583198589,4.774474263,6.419716583,5.444769209,5.07687871,4.144368254
,27,2.224675108,2.27474665,3.028484509,2.476039868,2.333753166,2.35326408,2.253529318,2.990705609,2.532027136,2.097473167,2.065919066,2.33077336,2.437852543,2.306831043,2.134878641,2.153085484,2.269969223,2.088431304,2.029372653,1.807793905,2.18743618,1.932417292,2.380750375,1.855948999,1.731993282,1.6783939,2.082079874,1.925001568,1.953622504,1.812808422
,28,0.993331775,1.84609827,2.893892275,1.868229234,1.714136132,1.732380895,1.419690299,2.781925948,2.194057136,2.67905402,2.438084091,1.715332824,1.937017124,1.419246582,2.130164442,2.261317165,2.508801823,1.66008174,2.636862417,2.876511729,4.106509584,1.732086638,3.764846834,4.639823957,2.103803199,2.781315181,5.839931524,1.322551236,4.510433771,2.057151386
,29,2.689344798,3.114858997,4.016808684,4.7080031,3.747805297,3.305673299,3.137936733,3.599837182,3.842538118,4.673285781,4.319274841,4.498491667,3.458964399,2.941279394,4.651598738,4.471075855,3.524268904,4.101814152,12.88307637,4.913627555,5.109362743,2.618472889,3.615775668,5.565952804,4.945325645,5.350509926,4.341619581,4.552719384,5.538939188,6.218651315
,30,4.177798774,3.542573478,4.354256986,3.332238074,3.276511546,3.503942554,3.604318133,4.400161166,4.092973315,3.684247525,3.174336893,3.4072859,4.058273279,4.019329107,3.456539397,3.53654346,4.04517609,3.71743859,2.017771197,3.216490426,3.513564509,3.492543732,4.022112584,3.315028023,2.852739998,2.946447625,3.713916747,3.247091806,2.911781962,2.467667579
,31,2.437971767,2.112331638,2.542358197,2.018620964,2.268288907,2.398754491,2.316504806,3.361320974,3.023357635,2.386799798,2.145043808,2.758867174,3.138965524,2.820067052,2.702825651,2.580201238,2.992001632,2.758810298,1.819808138,2.104019217,2.979104076,2.782408248,3.514934006,2.461116737,2.221192478,2.34857846,3.017060809,2.784374892,2.782641275,2.124336865
,32,2.704873381,2.515695252,2.796773492,2.316180333,2.187802907,2.45498858,2.413802425,2.515363074,2.521417551,2.246926471,2.434295126,2.286168732,2.418611193,2.383154409,2.123232425,2.066640711,2.30989512,2.225200154,1.471852492,2.065588014,2.003686572,2.130562593,2.316846689,2.014635527,1.879671821,1.95809079,2.164800526,1.980803696,1.888530716,1.814246515
,33,2.693042877,2.341372189,2.901225,2.515276663,2.493234998,2.940567322,2.977756099,4.21080874,3.778743048,2.855021391,2.45320638,3.330850542,3.752936514,3.506212442,3.323039577,3.091598709,3.82148315,3.347522901,2.574809181,2.604358247,3.864367425,3.656293986,4.859711707,3.016558113,2.795857803,2.885415655,3.929273749,3.574282309,3.59328267,3.013567862
,34,3.764524233,3.415319596,3.912374597,3.11833809,3.29957978,3.065251023,3.330662821,4.417685309,3.882770841,3.502309801,2.665524507,3.381303232,3.90806152,3.534950093,3.402052182,3.231200457,3.731809677,3.516937957,2.034174103,2.816571349,3.426051385,3.229013081,3.906221994,2.933083585,2.557520588,2.578221559,3.454293896,3.025378147,2.855341543,2.347583449
,35,2.386415387,2.534937658,2.337402167,2.410356655,2.65660558,2.524783738,3.066972236,4.234997399,3.654253246,2.871872664,1.873132224,3.101216943,3.637376637,3.011769046,3.440448622,2.738502556,3.233898645,3.260900351,2.157691943,2.202488831,2.986990865,2.624273715,3.628007886,2.550085947,1.987921034,2.012896163,2.531838692,2.308579435,2.347825409,1.861889233
,36,4.371858431,4.350671085,4.372081785,3.802610761,4.294685192,3.706788028,4.283580639,6.04700276,4.973153127,4.650327871,2.742875021,4.36146043,5.245454774,4.373853698,4.745249783,3.94134364,4.422922108,4.472608017,2.531499595,3.303407431,4.391875639,3.944152088,4.940947294,3.380371973,3.172876415,2.580833665,3.754131963,3.19723262,3.148395138,2.589724073
,37,2.648871847,2.91923408,3.850132087,3.329113267,3.013296374,3.00196534,2.831655775,4.005693938,3.404790424,2.852220758,2.717895866,3.200436259,3.170508834,3.179059686,3.236279356,3.125955382,3.210345507,3.032797663,3.27457913,3.025428094,3.468024586,3.180258413,4.216931653,3.072337252,3.047166419,2.951625432,3.64756393,3.473765142,3.699524112,3.285915893
Internal standard,38,1,1,1,1,1,1,1,1,1,1,1,1,1,1,1,1,1,1,1,1,1,1,1,1,1,1,1,1,1,1
,39,5.23360887,4.794694976,5.807079221,4.602486965,4.527813297,5.064358788,5.211148502,6.532256737,6.018034692,5.284004995,4.309444749,4.990502633,5.938593878,5.966564612,5.226689568,5.18955492,6.29243268,5.592495709,2.987030163,4.861611364,5.382956477,5.414299116,6.526071861,5.075166993,4.196780985,4.412645617,5.459024269,4.82309301,4.473514399,3.821623846
,40,2.666080385,2.428001621,2.787003124,2.289344497,2.372281116,2.412068711,2.62157691,3.272231114,3.015592569,2.699073435,1.679816543,2.276068719,2.885769121,2.820466982,2.630495394,2.459404489,2.843075146,2.633265205,1.364523359,2.144278876,2.433274404,2.392671477,2.916349462,2.214751639,1.792342895,1.680998979,2.35736599,2.016556886,1.835657208,1.573435406
,41,1.741658876,2.040416633,0.573811449,2.149724693,2.860297866,0.352849649,1.448184472,2.408414677,1.988417,2.107469488,1.585890651,2.577490353,2.006416472,0.456710542,2.282135213,1.816567487,1.43808846,1.743998999,2.924889164,0.819073224,2.525865901,1.820682839,2.362817623,1.561168813,2.281005662,1.635188946,2.645927548,2.650733014,3.147445426,2.368067211
,42,3.353679746,3.031490825,2.959508084,2.622756609,2.277599782,2.548596012,2.724616277,3.355981741,2.863466898,2.397220841,2.423661844,2.114694739,2.58770069,2.504230569,2.015374204,2.354836124,2.746513168,2.192191882,1.203230771,1.72462869,1.498117104,1.719295009,1.991156495,1.836548515,1.477762665,1.455909986,1.579847247,1.333955658,1.115509586,0.951017587
,44,4.242160988,4.112708477,4.053331474,3.289965055,3.494196763,3.354516927,3.707845792,5.13363606,4.201419995,3.902501293,2.794716609,3.592088671,4.129185996,3.597355418,3.538268849,3.318894293,3.760763808,3.569618305,1.997760634,2.529954278,3.126413226,2.867752524,3.601263246,2.678151468,2.362524014,1.971450893,2.865741755,2.433547655,2.241364738,1.798054383
,45,5.554222855,5.231955932,5.364464523,4.69854148,4.143321092,4.544974158,4.886702432,6.007818436,5.231185471,4.395489597,4.285172744,3.96117351,4.791079241,4.575773242,4.036939231,4.405049053,5.043083926,4.255308034,2.453617465,3.410507088,3.209470367,3.551527974,4.265074084,3.683922006,3.060272949,2.928930228,3.311577366,2.822849826,2.503230053,2.163429502
,46,3.227895322,2.960166026,3.367787442,2.772604554,2.655576128,3.072994228,3.057301418,3.696100392,3.147216147,2.937180544,2.390932865,2.468904205,3.247410787,3.166337758,2.950466541,2.830236794,3.143250926,2.965428396,1.641685137,2.741611233,2.687334796,3.030614192,3.206013132,2.681960912,2.620780715,2.489862657,3.002160245,2.738540169,2.519419842,2.241809709
,47,2.620335253,2.352354726,2.729411673,2.237097121,2.296797001,2.337981318,2.549075417,3.142823921,2.929182988,2.592915129,1.622064922,2.200686148,2.845601826,2.779371696,2.564320636,2.385611964,2.811031334,2.540837061,1.32299444,2.063993409,2.36139754,2.275328738,2.784586326,2.140707892,1.754007774,1.649031557,2.289119259,1.982939686,1.785748383,1.507645894
,48,4.684715666,4.945162,5.043800299,4.126091204,4.815089168,4.01940826,4.445935964,6.465816295,5.323522765,5.064921651,3.355954717,5.184300961,5.726607342,4.63015924,5.136312692,4.290156165,4.832584136,5.021333144,3.118080827,3.648231835,5.255179618,4.329262421,5.758412098,3.804112439,3.647142045,2.980932444,4.654285842,4.086066603,4.1111638,3.18306532
,49,8.896812493,8.835646882,9.052999822,8.477450233,9.099068545,7.680263084,8.776667911,12.6118194,10.61015158,8.840089088,6.470259526,9.496715549,10.70567914,8.881575841,9.941019881,8.430844148,9.851607367,9.288271969,7.004037132,6.906569848,9.979150519,9.171000914,11.66022245,7.706580712,7.268060933,6.764679361,9.196225912,8.375040103,8.586314087,7.019749964
,50,1.772883496,2.003934172,1.047615615,2.139965453,2.519314985,0.81353108,1.593355934,2.476381862,2.047796184,2.044963553,1.565741953,2.269692659,1.99907336,0.892418612,2.08830019,1.72557434,1.557401684,1.720272472,2.31406398,0.978932907,2.180648492,1.638022923,2.101863048,1.433014436,1.806618691,1.379182905,2.083165551,2.078072785,2.271410375,1.774876757
,51,1.600714689,1.459117737,1.712256171,1.43131894,1.527574439,1.674124337,1.75896811,2.320092057,2.080030564,1.574832226,1.361349359,1.740559514,2.075252744,2.03054749,1.836416384,1.684720897,2.094518993,1.841088198,1.277368925,1.444373166,1.999352922,1.944883174,2.454364733,1.661127361,1.365263979,1.560900445,2.113126478,1.909930227,1.874239382,1.538370868
,52,2.456261482,2.097969462,2.562517615,1.96344506,1.991081696,2.064796326,2.169488262,2.595988975,2.470566808,2.199834438,1.833993295,2.013035761,2.419617239,2.385600404,2.069122436,2.096658652,2.424460242,2.230797069,1.186427554,1.910423848,2.062220131,2.069497157,2.421802104,1.950767539,1.651495515,1.754532988,2.206304237,1.905575778,1.719378875,1.485047925
,54,1.981597536,1.740856449,2.158096133,1.90447968,1.939916808,2.095384435,2.121816086,2.962379353,2.673017151,1.919307066,1.708474026,2.347073945,2.506337592,2.615489946,2.305618978,2.187556495,2.655392595,2.267689621,1.700273738,1.828923369,2.504584912,2.354345736,3.09556861,2.024828135,1.857956332,1.885997882,2.484764767,2.297012666,2.295792452,1.861272151
,55,2.121845363,1.965846753,2.344798928,1.912283826,1.872041804,2.10797373,2.013334193,2.653100753,2.280807875,1.836212544,1.518435783,1.74895433,2.213877109,2.166209987,1.877550758,1.74136315,2.018964504,1.806526644,1.24206152,1.507557932,1.657157742,1.59935287,1.903270588,1.440926903,1.293174779,1.241649295,1.503834523,1.315744934,1.289547063,1.121803046
,57,1.390973414,1.368181686,1.871973366,1.515930379,1.42302134,1.437436904,1.394728738,1.976294573,1.645112476,1.298220512,1.265356661,1.462330204,1.612341838,1.569299222,1.568403252,1.473030612,1.6384862,1.506816117,1.428580085,1.343581387,1.693535648,1.568080649,2.041213232,1.553454158,1.352285186,1.475868058,1.818768472,1.7218532,1.742846698,1.478601229
,58,5.558331822,5.173684914,5.168276781,4.535885814,3.914779993,4.503808106,4.782819742,5.783262469,5.053646144,4.257395419,4.31298394,3.798328438,4.580029949,4.426808311,3.655019394,4.189833748,4.818196367,3.988862372,2.198113405,3.170433723,2.817974161,3.209385498,3.754647599,3.367912973,2.772433254,2.660600857,2.915649974,2.44708292,2.094366869,1.824573629
,59,1.189304234,1.203784085,1.616923695,1.321606115,1.236118624,1.240355237,1.190357137,1.555808586,1.322292303,1.102582492,1.081736657,1.214403771,1.268656721,1.210872075,1.124720929,1.137782657,1.192186781,1.083813947,1.082016519,0.957165089,1.129832384,1.028565174,1.241887378,0.966332974,0.90673221,0.901128371,1.097927476,0.999105217,1.045402091,0.942685522
,60,5.219008346,4.987410572,4.928942773,4.311294951,4.13313231,4.206676255,4.764157407,6.317376473,5.317479267,4.85650725,3.641960588,4.196096278,5.189698243,4.640914719,4.492851568,4.437770255,5.017043724,4.516394082,2.411197706,3.485917532,3.869288609,3.863217772,4.704897789,3.722578589,3.282413014,2.743808707,3.636137041,3.050258501,2.888090698,2.286745934
,61,7.09476306,6.896468708,6.669967588,5.806847951,5.979139516,5.403756866,6.152823024,8.448742188,6.986305618,6.369223406,4.868627788,5.994515523,6.80085771,5.740369444,5.829971232,5.504428458,6.270602228,5.723802082,3.531481758,4.090408215,5.053922306,4.734501677,5.848314931,4.396295944,4.046436438,3.42414947,4.769168183,4.101579989,3.783467766,3.054559802
,63,3.435643489,3.24639107,3.101357536,2.590604842,2.530428088,2.509466288,2.771007297,3.668995175,2.993381781,2.746471383,2.327349363,2.439676129,2.852220371,2.584566813,2.378169119,2.432391984,2.744880348,2.441858039,1.353538735,1.744275525,1.979638425,1.942055048,2.353182051,1.895886404,1.666500506,1.425091461,1.893637426,1.608311208,1.410742651,1.128572748
,65,1.612551996,1.44265954,1.674087253,1.372292457,1.419215891,1.44588029,1.581517531,1.98026519,1.82251034,1.627502694,0.997551155,1.36931692,1.74436035,1.692652347,1.586884117,1.486942228,1.714389562,1.576642738,0.824960674,1.280240766,1.45339717,1.436461486,1.757832693,1.345641116,1.074389557,1.024669812,1.416707754,1.217477488,1.109042694,0.9479776
,66,1.255744819,1.092162166,1.193061327,1.099121025,1.316602063,1.25234875,1.190353777,1.753381974,1.616762006,1.141191567,1.023956004,1.470405711,1.528570551,1.300678877,1.39459912,1.287041937,1.594794985,1.262614433,1.183341467,0.949080395,1.422837596,1.352454179,1.893036005,1.136472914,1.0947452,1.100210517,1.476834944,1.331835227,1.506734124,1.15256935
,67,1.396525901,1.198208597,1.597587747,1.286866937,1.353108849,1.451841516,1.461925561,2.076094938,1.90357791,1.437478414,1.23029766,1.625790417,1.928992385,1.798347486,1.673516965,1.517050762,1.973298034,1.695267411,1.292295565,1.283048484,1.854216795,1.721375188,2.272390948,1.513507212,1.33407277,1.363653934,1.893318394,1.659729506,1.650566649,1.432543546
,69,2.829089766,2.741771021,3.265136452,2.652999463,2.640782565,2.859499774,2.973904222,3.405281855,3.16647529,2.964740385,3.216968697,3.166176671,3.311722254,3.322388326,2.928246613,3.166694756,3.415590442,3.32059337,2.216250205,3.143155575,3.346756961,3.41147625,3.711355424,3.284980703,2.917742419,3.506863895,3.735361803,3.526233996,3.269416148,2.8760232
,70,1.46403559,1.318478233,1.516696993,1.268457104,1.347203335,1.57610012,1.657172469,2.201271283,1.951008438,1.493213499,1.28771792,1.634475741,1.968011039,1.965454011,1.705954177,1.590321372,2.0578742,1.789357452,1.113416768,1.348921965,1.911054347,1.844235591,2.334655899,1.535669514,1.27852487,1.428990461,1.984654961,1.78535702,1.673348012,1.400928801
,71,0.989495015,0.851693406,1.050207965,0.801491858,0.853802408,1.018004605,0.980126748,1.24257897,1.121094172,0.863674222,0.864490678,1.002398494,1.18069365,1.232749875,0.958817013,0.962448945,1.153805555,1.045507843,0.60256609,0.881827224,1.100127097,1.082630803,1.319720514,0.94003727,0.76848218,0.966080662,1.222186057,1.080106741,0.981537963,0.862815231
,72,6.333404281,6.428245683,6.166480646,5.445270741,5.411431982,4.997199149,5.665937516,7.620241829,6.469593937,5.848699945,5.305171167,6.060991994,6.519655923,5.433170019,5.618568362,5.643339153,6.061827557,5.683775701,3.610782457,4.333578112,5.542239821,5.225391902,6.459128798,4.732967329,4.702726324,3.893780425,5.075472601,4.510682693,4.482199431,3.514588225
,73,6.824416259,6.464031639,6.492517692,6.393432492,6.194439172,5.500020295,6.281821052,8.455711476,7.042879934,5.789817668,4.237952132,5.142213173,6.372409096,5.671227544,6.383898379,5.403431513,6.383380479,5.435914663,4.089539535,4.194834891,4.639058496,5.442352978,6.003341513,4.606116764,4.371342693,3.593522615,4.180474412,3.857071949,3.557988663,3.389365072
,74,1.074282357,0.965200346,1.163148606,1.06162064,1.097396097,1.099967291,1.170338757,1.734568411,1.519138033,1.188349931,0.973588978,1.379062729,1.511213256,1.333127336,1.407889222,1.272153037,1.504819758,1.357433491,1.199802558,1.020858509,1.632523634,1.501994457,1.972565671,1.248420429,1.220491355,1.191292673,1.666827428,1.530936581,1.670984111,1.362661819
,75,1.325303738,1.14691756,1.350145572,1.102473255,1.098661249,1.060285432,1.175555995,1.425169977,1.267010159,1.080869646,0.91210025,1.065497648,1.26816626,1.189723512,1.027289255,1.008370902,1.222722574,1.064987959,0.601187085,0.812850852,0.981388822,0.996967003,1.123152375,0.828632038,0.739463114,0.760661129,0.999484509,0.873085296,0.795205349,0.64942136
,76,2.052160595,2.081609111,2.515100628,2.293676599,2.173277138,2.011382115,2.027811518,2.81159133,2.376529703,1.79910388,1.654985948,1.993098282,2.334582597,2.024784984,2.037675421,1.974381255,2.119672988,2.039316879,1.947178257,1.662721544,2.128926829,1.916602578,2.466905126,1.84239735,1.575653355,1.851794223,2.039782151,1.918648634,2.117549017,1.804066095
,77,1.476880309,1.34250257,1.571582173,1.273473175,1.315373743,1.367592298,1.447873401,1.828379384,1.693211814,1.509288271,0.94480825,1.279292984,1.619909003,1.588673267,1.464345582,1.378893086,1.602483453,1.472816003,0.758043801,1.207701167,1.348484652,1.327910331,1.619622427,1.23729642,1.003257571,0.941296298,1.321027248,1.124511898,1.022236969,0.875379071
,78,0.783538578,0.882979097,1.043067015,1.260554342,1.254689917,1.018278032,0.882639097,0.788739028,0.963942254,1.175875281,1.021091937,1.029926314,0.853299942,0.838763556,1.174848959,1.095026249,0.884543498,0.93127527,2.016044237,1.275895515,1.1156497,0.998506502,0.972617739,1.243448445,1.383168631,1.281762502,1.077245732,1.205890433,1.40810389,1.578910735
,79,1.182992326,1.172248803,1.599371214,1.303177235,1.22197463,1.230510674,1.187390828,1.656899,1.355738638,1.067717407,1.042763235,1.201845546,1.330363902,1.29517603,1.284007908,1.188940449,1.321521265,1.225244037,1.213620295,1.122152577,1.374287824,1.295846686,1.621032203,1.229549697,1.079641116,1.1975299,1.449851501,1.374993092,1.427902722,1.253363357
,80,1.352493522,1.203947803,1.472560847,1.314093861,1.326722412,1.446265742,1.438788452,2.025261842,1.823306581,1.356777142,1.201510356,1.612026952,1.762588126,1.809964141,1.620830027,1.517994948,1.837890464,1.591291504,1.176329953,1.266723648,1.77946023,1.647099206,2.214260955,1.442797199,1.326434334,1.322970305,1.775989709,1.619003601,1.638255935,1.340151575
,82,2.515297472,2.309875456,2.637766171,2.135107636,2.171449026,2.236821762,2.376863933,3.102470444,2.770626223,2.42814881,1.744418445,2.27555968,2.769407007,2.584788242,2.395066357,2.290872756,2.77386322,2.486679353,1.357318951,1.994544983,2.410372273,2.327681009,2.836825692,2.123592611,1.752600152,1.796089146,2.422313009,2.118548878,1.966589294,1.599670593
,84,0.732415123,1.152428377,1.906292019,2.312849767,2.657029732,2.414317729,1.416406,1.490074494,1.402125722,2.80062522,2.226479925,2.287603747,2.041126023,1.114152789,1.73534327,2.019216597,1.426318457,1.382458129,2.619275117,2.709602278,3.274824526,1.914080973,2.073292639,1.518767568,3.537133299,4.992776396,1.993030219,1.985229448,2.405254952,2.711479771
,85,1.168074319,1.050148996,1.346899913,1.128783832,1.118724026,1.258464811,1.315844069,1.841353985,1.607606941,1.256475479,1.044004716,1.48281003,1.690164726,1.58926755,1.479786703,1.361597133,1.760466735,1.525123499,1.103594937,1.182107148,1.695253362,1.594094869,2.093077747,1.359640673,1.185920782,1.257855158,1.689340508,1.502172076,1.541812637,1.269224872
,86,3.209349978,2.544476843,2.899724329,2.389116387,2.715990481,2.665984842,2.524834796,3.383053688,2.91919946,2.599577257,2.074774352,2.267796663,2.632211807,2.554706291,2.967967531,2.387039811,2.830206257,2.247936708,1.711703011,1.709363288,2.016703846,2.665989233,2.586887017,2.011404959,2.282761791,1.742100323,2.126456846,2.046916605,1.685260423,1.752892772
,87,0.993232746,0.887600202,1.103057449,0.931261921,0.939092583,1.084633173,1.126605496,1.608179086,1.416551483,1.093659966,0.897432531,1.282203389,1.417506358,1.364098403,1.276910496,1.156987883,1.506155292,1.301370341,0.926917951,1.006041677,1.439759768,1.374762391,1.798584751,1.142649673,1.012485497,1.066519332,1.429679823,1.288741777,1.314634219,1.075956854
,88,2.269234731,2.101415637,2.18278119,1.830949021,1.740519372,1.894706754,2.108322834,2.689416251,2.350254855,2.18208559,1.654948231,1.883842732,2.285275956,2.010617482,1.93395188,1.973652096,2.253816459,2.07360657,1.066508782,1.583591948,1.798775069,1.807444373,2.009439427,1.673768504,1.46354457,1.310932097,1.72859873,1.493911844,1.324957833,1.084088062
,89,3.858634351,3.100694879,3.436328842,2.873495266,3.251641024,3.379702953,3.321382456,4.428128204,3.838490836,3.362300369,2.558438721,2.878520198,3.50768281,3.514316272,4.103266113,3.184097246,3.819064806,3.147035836,1.949406662,2.506981488,2.736665039,3.759987233,3.842760883,2.749930431,3.135738149,2.17363297,2.624292667,2.490023756,2.143139802,2.162302125
,92,20.53215206,19.69816782,23.58136955,19.37698409,18.58336122,20.86899693,21.19135638,23.80439287,22.112612,21.04835306,23.36897429,21.92550546,23.24463894,23.32504134,20.37319957,20.99059894,22.98779306,22.37643151,15.07809375,21.72985239,21.64530202,20.726361,23.86157363,21.04346355,18.50025123,22.68387634,22.93960713,21.70464884,20.10743357,17.9902052
,93,0.820575152,0.709868451,0.906122631,0.776053081,0.79803911,0.872457472,0.891585133,1.279486173,1.159649496,0.853791675,0.738475533,1.006010194,1.13055527,1.055576936,1.009809308,0.947829429,1.146971022,1.006438052,0.827886935,0.784460971,1.166288854,1.133836257,1.461349974,0.919336899,0.854968019,0.884979928,1.199574685,1.103588833,1.128111092,0.942749725
,94,5.32312136,5.240610302,5.279634742,4.566014364,4.526892221,4.586283209,4.923241961,6.449022907,5.582083095,4.98275613,4.089024077,4.750190971,5.436981642,5.017095475,4.667035735,4.573111995,5.156111371,4.812351014,2.694960652,3.720557629,4.110939807,4.02349821,5.014227571,3.851004979,3.391489242,3.099636121,3.834945848,3.373479798,3.186608311,2.574186519
,95,2.035140523,1.829692607,2.208048206,1.788941253,1.872552193,1.898593631,2.040229074,2.66387714,2.318715081,1.988137165,1.227553355,1.807237424,2.254935721,2.190765618,2.122573984,1.813706788,2.233951813,1.952292529,1.229385463,1.53407301,1.864553462,1.863743746,2.253097241,1.659357128,1.415707619,1.356552147,1.814103445,1.603283228,1.485206325,1.283758611
,96,0.642819652,0.569311425,0.64738393,0.532445185,0.604295562,0.643205359,0.610648524,0.891723318,0.818916309,0.618438201,0.576121468,0.725013761,0.830209444,0.7458438,0.696536224,0.686734949,0.780362072,0.722216209,0.487169402,0.555101915,0.776268406,0.745694549,0.914521591,0.669304982,0.589489855,0.636759407,0.83402852,0.729359677,0.74414356,0.566761
,97,0.940415979,0.818921941,1.070178144,0.898872318,0.932683376,1.009526296,1.017927348,1.444581808,1.318030907,0.962324285,0.836982427,1.120281112,1.302955572,1.24067352,1.13537879,1.037224456,1.316798636,1.135137883,0.871376002,0.876452766,1.25274409,1.174612321,1.584586778,1.012466,0.889435934,0.92741528,1.268991987,1.117303179,1.134000661,0.971526446
,98,1.599040806,1.425647392,1.668771264,1.395195469,1.359119412,1.47243119,1.548090238,1.888171332,1.761442456,1.483221306,1.296491912,1.418424474,1.719567688,1.725242905,1.515300837,1.450669114,1.690686827,1.526035033,0.841601964,1.231770962,1.428920674,1.525735845,1.744463808,1.286559557,1.064439113,1.095262362,1.280951762,1.15117337,1.099748578,0.931081808
,100,2.030314244,1.832079492,2.162254602,1.781617925,1.688376091,1.951201299,2.018295266,2.539054606,2.316179162,2.050214312,1.574641121,1.872105678,2.273790732,2.242046863,1.954186006,2.028053578,2.372531471,2.07004063,1.041320608,1.780512917,2.004170861,2.075598788,2.429789137,1.853846207,1.609241708,1.532884744,1.903394842,1.658901,1.538205136,1.291451554
,101,1.449006785,1.211961207,1.610412391,1.165619453,1.119213527,1.400438281,1.471078968,1.717831887,1.535353458,1.296384607,0.797220614,1.111735997,1.44252282,1.636655747,1.347120678,1.178196417,1.473985945,1.296547591,0.644812232,1.069681415,1.051147484,1.214707582,1.42644775,1.020001692,0.852622449,0.801574442,0.950291538,0.895678563,0.776381188,0.68502537
,102,2.345206244,2.261865249,2.744937062,2.175934394,2.090952319,2.404096825,2.305855076,2.593962607,2.555225551,2.394462387,2.610503651,2.43570421,2.636516961,2.702793014,2.283849303,2.437575232,2.669939125,2.550022732,1.79623848,2.490201854,2.52360831,2.151258864,2.733895816,2.416674417,2.173184689,2.619504351,2.640468023,2.420445368,2.291346198,2.084488668
,103,0.635803277,0.670457019,0.623900189,0.656229287,0.75233256,0.651840287,0.806263474,1.155231301,0.967745373,0.731129549,0.429406137,0.774444104,0.933774051,0.746622742,0.881647276,0.672393628,0.808602311,0.80062854,0.587281728,0.522186796,0.729570337,0.645225978,0.844362195,0.602347165,0.452326606,0.481473792,0.616342248,0.562672106,0.573803253,0.462379534
,104,1.893250573,1.751257982,1.689465072,1.495760217,1.317601036,1.457864126,1.547279822,1.914314253,1.654423762,1.362273498,1.409365434,1.222358144,1.482166735,1.446667237,1.147843966,1.343230035,1.530332129,1.241265637,0.685499404,0.975322449,0.853056094,0.98259082,1.129123382,1.053017444,0.849727699,0.833162782,0.890956024,0.738526402,0.60398662,0.538515915
,105,0.577420666,0.864067904,1.587746514,1.730802062,2.083063484,1.869234902,1.231909832,1.128994216,1.037568171,2.116192557,1.860779516,1.804364484,1.873053561,0.975148626,1.470691645,1.76924228,1.319358837,1.319031228,2.526829607,2.556736217,3.133973498,1.911142939,1.603868047,1.436260406,3.151972529,5.915536022,2.644432768,2.590752993,2.848917973,3.160807414
,106,0.453117445,0.507297881,0.493119891,0.51448463,0.753289776,0.815907417,1.075194281,1.666402115,1.281243766,0.851212677,0.156935327,0.49429573,1.297796653,1.108191415,1.666770588,0.739835978,1.159170207,1.240632948,0.712526983,0.807914751,1.181336359,0.997221371,1.287907114,0.865011711,0.409806161,0.522061864,0.767590763,0.749278154,0.797793312,0.501370515
,107,1.336791773,1.134613471,1.471204059,1.115196244,1.07807824,1.145757228,1.194084808,1.439113273,1.324939185,1.200742312,1.008758776,1.068782573,1.308183943,1.305564013,1.13057452,1.142023827,1.346025721,1.194828203,0.648769262,1.053335507,1.102206269,1.110601751,1.326458761,1.048180988,0.881525528,0.97596043,1.208339589,1.023093719,0.916713954,0.813536518
,108,1.356030766,1.061257776,1.302300211,0.908364808,0.955747024,1.11278554,0.983925229,1.173076723,1.117896025,0.997334678,0.924006811,0.921733258,1.044559911,1.057487693,0.84608139,0.940121878,1.014465571,0.884464161,0.481567798,0.711867756,0.734703454,0.761108993,0.883879577,0.738336748,0.648593148,0.647773097,0.788203763,0.676593195,0.608142439,0.49248994
ID2,109,7.82E-05,0,0.000116084,6.40E-05,0,0.143944726,0.145683359,0.180049434,0.14848469,0.136606437,0.249487704,0.28807387,0.322375247,0.326188235,0.279089877,0.730020456,0.835911654,0.795293989,0.430244983,0.71748233,1.582697259,1.651731405,1.691572079,1.497469035,1.289344899,2.4976113,3.075323817,2.768617594,2.515296516,2.1614007
,111,3.611077991,3.440267262,3.628062864,3.345287703,2.918084856,3.407428434,3.646971064,4.709885986,4.06842657,3.338606583,2.829155772,3.093459846,3.859047081,3.797124451,3.432778532,3.438452706,3.965214335,3.452637416,2.144992453,2.705751544,2.911043805,3.15243444,3.79858317,2.909209823,2.471955018,2.175801226,2.468981408,2.247325663,2.131874077,1.932808478
,112,1.192673691,1.008445251,1.271418635,0.969565762,0.952805573,1.034543019,1.037849361,1.282290044,1.194618778,1.054107247,0.885308183,0.959170621,1.152430817,1.148701647,0.976055364,1.030036436,1.192405208,1.070221459,0.568980347,0.915539359,0.956902052,0.98337538,1.170033976,0.945042308,0.782075619,0.837111949,1.064194644,0.903017127,0.825428297,0.729544864
,113,0.766283365,0.778319418,1.338617569,0.934550443,0.737934537,1.109577541,0.734446632,0.914140132,0.848893919,0.588061534,0.667974287,0.56530753,0.748748052,1.024776097,0.728147136,0.763168102,0.815823804,0.671068888,0.660379472,0.790408315,0.582643668,0.675856318,0.804993979,0.718057927,0.561846265,0.677323453,0.558810486,0.516443764,0.528039404,0.538424554
,114,0.7784637,0.674587797,0.791089024,0.626401421,0.702168185,0.744486,0.730107261,0.999993123,0.861758279,0.666704742,0.632993197,0.763709393,0.925569572,0.92959808,0.763920623,0.725081117,0.866710332,0.776522151,0.493695608,0.613328581,0.834886339,0.79409567,1.017376731,0.690019082,0.582917588,0.695065812,0.908754893,0.819792171,0.705484045,0.654342543
,115,1.398518677,1.392294811,1.351672613,1.179719434,1.189696138,1.235662789,1.397870709,1.843774909,1.586235511,1.474368605,1.172525352,1.436327781,1.637296386,1.525825441,1.466713411,1.517366345,1.735279175,1.615504611,0.839258934,1.222530365,1.458526801,1.435511495,1.864020486,1.448975098,1.233385242,1.182468743,1.500734629,1.291378336,1.233992111,1.007654091
,116,1.026342629,0.88713282,1.094607867,0.849488569,0.927959913,1.002750772,0.97146536,1.291839651,1.192637242,0.985979825,0.931942663,1.138397091,1.25538196,1.222909919,1.078971529,1.061163783,1.272565539,1.126625887,0.752198798,0.941134902,1.207478365,1.171073966,1.459636933,1.058771826,0.922310992,1.059315543,1.282337002,1.167350907,1.17731719,0.936156107
,118,3.579810287,3.523520143,4.111099638,3.444828911,3.23722377,3.714518066,3.880519052,4.370322163,3.92903853,3.646634023,3.842139589,3.834762237,4.065451085,4.047311043,3.510363833,3.671168753,3.948791464,3.849826506,2.460635878,3.565073109,3.767140791,3.68676086,4.185490577,3.644240024,3.098046715,3.670125277,3.973092678,3.662343805,3.444567645,3.020397844
,120,0.483529809,0.77730391,1.371585609,1.706206899,2.030976349,1.59662207,0.920536065,0.89988157,0.828049238,1.892592998,1.474608412,1.445537269,1.306714334,0.628855702,0.986272783,1.206663275,0.806405086,0.776212722,1.764772098,1.638574464,2.048986,1.122988962,1.056011723,0.851593914,2.123441734,3.625494524,1.386387664,1.336225129,1.610361022,1.811287448
,121,0.894939423,0.785884745,0.964642168,0.757755547,0.825388869,0.867865339,0.84724511,1.153598095,1.050619347,0.876933098,0.80571972,1.031735743,1.142209027,1.056587966,0.980602835,0.957566677,1.139183623,1.008444562,0.670834496,0.81362628,1.075327429,1.027646602,1.305078722,0.951908812,0.833268504,0.928369368,1.144831754,1.037254267,1.031950356,0.815254562
,122,1.443916812,1.449658802,1.429649443,1.263753635,1.426019376,1.183181731,1.397339622,1.964435483,1.596177836,1.456284466,0.804840422,1.337584617,1.678745852,1.39314421,1.520318692,1.21620639,1.412069652,1.431770974,0.801185779,1.025192992,1.357375753,1.225590607,1.530974737,1.067577085,0.927356542,0.804630994,1.209090514,1.031718155,0.998505435,0.810043659
,123,2.094698084,2.040647088,1.961527843,1.699108554,1.679004964,1.622098136,1.870915721,2.539109432,2.071002869,1.949325819,1.378559088,1.670674613,2.095296385,1.761177119,1.750396397,1.689184546,1.931461977,1.764184216,0.938239908,1.243173312,1.48835234,1.413607239,1.743862928,1.351894261,1.184211135,0.971111581,1.385045162,1.159334739,1.061404763,0.832616015
,124,1.013257551,0.890258276,1.012179892,0.84156842,0.860963854,0.813847363,0.888360483,1.100332496,0.982365879,0.84243947,0.698592981,0.817888368,0.989337277,0.890489067,0.798071266,0.761353379,0.931269836,0.821579766,0.466856174,0.617181535,0.760295651,0.763557916,0.878633017,0.645878831,0.569898665,0.585802819,0.771626333,0.675409489,0.613515368,0.499880192
,125,2.41695256,2.515950389,1.390318293,2.077123517,2.765911312,1.282479973,2.307323407,3.318246462,2.740794931,1.902319701,1.052572456,2.304723037,2.897755494,1.775281962,3.077593448,2.005727576,2.636912701,2.589301351,1.45347946,1.479637593,2.659489289,3.033759979,3.37063791,2.082738902,1.753103977,1.687701502,2.469756825,2.392242621,2.306198531,1.89832874
,126,0.512932356,0.430061653,0.512168617,0.421054888,0.472487663,0.497563071,0.478127313,0.687066445,0.633003001,0.487312564,0.443082997,0.53718536,0.624342223,0.537524644,0.482370083,0.491069671,0.553456852,0.527160579,0.341217151,0.405108212,0.535270092,0.526115748,0.58484445,0.452332139,0.357598264,0.414238659,0.545749481,0.498276053,0.478888899,0.351373133
,127,15.37726721,14.96947516,17.98680124,14.55297383,14.31431855,15.67802419,16.08505165,18.051916,16.57945933,15.79867719,17.50364069,16.40816245,17.57829788,17.47749538,15.16597234,15.53574475,17.13612778,16.69323102,11.03513716,16.40872095,16.36087813,16.20170049,18.01764769,15.91099617,13.75310698,17.45847716,17.38053467,16.46285639,15.43916287,13.69278836
,128,1.815951848,1.736553348,1.744640632,1.40067487,1.471185038,1.402819474,1.573826821,2.13120477,1.720574244,1.611830332,1.203645602,1.476758401,1.700251715,1.50776762,1.439960155,1.382152657,1.559902458,1.462128336,0.820355771,1.043496787,1.272123714,1.202968714,1.474750136,1.115246614,0.977927847,0.843628694,1.184573025,1.006597909,0.932839107,0.738589155
,129,0.625931385,0.547128884,0.639717727,0.53682033,0.592239566,0.63070728,0.595553067,0.879806747,0.799024739,0.611119797,0.554534997,0.702090179,0.812593487,0.721440199,0.68250085,0.658444855,0.753129726,0.693962433,0.469609265,0.544270694,0.745532193,0.710126944,0.876887487,0.640931575,0.565714413,0.613111865,0.797517346,0.702830024,0.714417444,0.559638508
,130,0.716353574,0.802524027,1.108370205,0.93516641,0.870784538,0.825511671,0.758520328,1.067228967,0.893608973,0.765200286,0.768408242,0.865753228,0.844668606,0.844891868,0.853207019,0.836082534,0.827578862,0.793304115,0.939057573,0.804190591,0.920388525,0.848460251,1.060634033,0.818656067,0.811080672,0.834554339,1.019011086,0.974465597,1.032689556,0.920021804
,131,1.520224734,1.372805009,1.43833924,1.313258183,1.495304311,1.229957133,1.455762794,1.89383566,1.611863223,1.31980655,0.800098292,1.234576313,1.591480897,1.42617804,1.576941769,1.228183839,1.563398745,1.376888388,0.840087679,1.007922228,1.310468904,1.451269039,1.587391406,1.143577864,0.997457555,0.988245826,1.308970584,1.197703424,1.070908096,0.946499758
,132,1.176938583,1.345735738,1.482911957,1.688241517,1.772205092,1.116392102,1.223352883,1.769429491,1.537110657,1.419929145,1.197967199,1.557958901,1.460699084,1.118534335,1.694281193,1.475647748,1.362833456,1.379247978,2.153358829,1.149616449,1.769288009,1.462716931,1.846773648,1.399324172,1.56344034,1.410193472,1.831285283,1.816319665,2.109726062,1.780771057
,133,0.919255381,0.916473626,0.914550038,0.79069153,0.89155989,0.759162072,0.888874321,1.262156513,1.028249916,0.973330226,0.551145056,0.894172776,1.094344364,0.893815561,0.976963654,0.787451329,0.905891775,0.909481594,0.517561762,0.650716466,0.87749429,0.771286838,0.967089366,0.659320002,0.60831866,0.50058224,0.753178876,0.644122686,0.610109185,0.500794485
,134,1.595810299,1.443685141,1.739831013,1.471051556,1.461780541,1.614096459,1.623128168,2.08112219,1.947906064,1.580950698,1.52815109,1.762603605,1.971714327,1.938448808,1.702378946,1.712614091,2.044230541,1.858550028,1.28431731,1.585282097,1.953515269,1.859480507,2.337346887,1.739016953,1.576854086,1.753183331,2.127562669,1.893282379,1.850209903,1.59184999
,135,2.939520585,2.943347268,2.679015524,2.502847496,2.613439582,2.111734725,2.481411909,3.397271049,2.813147527,2.483606044,1.930491052,2.437340854,2.796046032,2.250893939,2.389321983,2.206392864,2.542927664,2.343556689,1.443242803,1.654607609,2.047502984,1.952129225,2.367582851,1.796640962,1.638138282,1.451194171,1.942058314,1.712391591,1.589098219,1.287703063
,136,0.581209864,0.653134568,0.847081297,0.920807864,0.771349976,0.67902461,0.727060985,0.824014662,0.809130013,0.983974512,0.94242853,0.955673744,0.734437149,0.679597129,1.019609849,0.937692682,0.732018186,0.885354437,2.702250572,1.046269783,1.075953374,0.960101962,0.895210035,1.249884354,1.021441467,1.077251666,0.963399443,1.05684241,1.246240673,1.279693186
,137,0.688322008,0.595862952,0.730733622,0.56285688,0.620805948,0.651313377,0.644280705,0.889165049,0.782336627,0.656754683,0.597574283,0.783643553,0.877206166,0.777246936,0.745687298,0.730372297,0.838879205,0.758054792,0.495114671,0.607141293,0.816790511,0.760900006,0.983575797,0.702506234,0.613174616,0.678662422,0.833903817,0.788731128,0.766848644,0.599308257
,139,3.024669006,2.836191572,2.918063311,2.492827306,2.277911431,2.475777398,2.584225863,3.363315481,2.90584288,2.54022346,2.168269549,2.212462206,2.690239428,2.565985959,2.262283273,2.455715898,2.617969771,2.299918895,1.318731092,1.850502725,1.94769658,1.978088299,2.450633071,1.902687418,1.808608427,1.483281827,1.877541038,1.602562251,1.516898492,1.210449191
,141,1.095309051,1.145218645,1.896733129,1.421147582,1.152382994,1.470823859,1.130713787,1.377632151,1.224768089,0.95062638,1.030989507,0.897530298,1.099364569,1.326048067,1.065130033,1.072505416,1.100042499,0.982309665,1.046493598,1.101956775,0.892857119,0.941289499,1.078562676,0.981977976,0.805987291,0.910055903,0.81815304,0.792974338,0.821919233,0.810458885
,142,1.623817222,1.648005304,1.467676304,1.261829256,1.587911914,1.223145637,1.357631797,1.960678854,1.622830369,1.520017637,0.949462525,1.526494867,1.6623434,1.293983007,1.422006601,1.204685255,1.313666786,1.323858526,0.853783906,0.918682155,1.258071177,1.073207778,1.360324454,0.956147744,0.909879476,0.761592596,1.12202807,0.995351752,0.980102891,0.719536536
,145,0.300608207,0.43179117,0.492332065,0.685612419,0.683671514,0.490361328,0.428665411,0.343217493,0.439176109,0.614946344,0.480411945,0.526547664,0.378698818,0.360525277,0.634340719,0.566775118,0.38230342,0.44975663,1.422197166,0.64309857,0.604930099,0.495108624,0.458992973,0.640315174,0.712040971,0.69156602,0.534346907,0.646398267,0.778849318,0.881369182
,146,0.667827888,0.634945897,0.767774079,0.748747677,0.692472998,0.584772212,0.641681907,0.910165132,0.751525828,0.576166747,0.286830897,0.48314585,0.680871425,0.613267223,0.677288474,0.518715739,0.644852464,0.547108839,0.539355276,0.478190516,0.560853043,0.546387374,0.659515291,0.50802792,0.40115919,0.408296134,0.457429141,0.446346241,0.436521095,0.418419553
,147,2.22542404,2.18591159,2.528001845,2.100650791,2.022690458,2.270894049,2.338983411,2.643313081,2.470662379,2.278971056,2.484556077,2.401407612,2.530502695,2.555953103,2.231430059,2.367288627,2.559263394,2.485260695,1.618262486,2.378374813,2.413586706,2.400625865,2.680776778,2.346724455,2.092078108,2.501951928,2.610503126,2.445659908,2.247380585,1.986839097
,148,0.638306181,0.578527767,0.670776208,0.553495256,0.565821261,0.577085769,0.635995592,0.793445129,0.735451541,0.65708598,0.399942915,0.54799713,0.706361572,0.687318961,0.650000802,0.597419773,0.700372395,0.642425775,0.333329533,0.515529797,0.595429852,0.578734913,0.705105789,0.541983604,0.430244383,0.414464024,0.566758925,0.48700078,0.448778824,0.383887322
,149,0.371356096,0.331451881,0.378647812,0.31066321,0.344767786,0.370686118,0.347902995,0.513709768,0.473527239,0.357615787,0.329297044,0.407304226,0.474568024,0.429752706,0.399386351,0.400700633,0.443902102,0.41029772,0.278662909,0.321494121,0.441672682,0.428094966,0.518357179,0.381855089,0.336671366,0.361271725,0.47384339,0.421712566,0.430073035,0.323082036
,150,0.61520839,0.539341295,0.682971102,0.595652787,0.629886535,0.716836012,0.749200983,1.127363121,0.978194875,0.720757912,0.58073806,0.817222158,0.918697513,0.896368005,0.856291189,0.827294873,1.04487357,0.878063991,0.708921074,0.678037534,1.035211774,1.008460862,1.352447442,0.845884423,0.806693781,0.774399356,1.129157451,1.015420513,1.026418515,0.88219967
,151,0.344414419,0.428784036,0.553651303,0.981111296,0.730879287,0.631286712,0.462010732,0.343043369,0.462302082,0.74991516,0.768295171,0.681889762,0.374072632,0.307516594,0.657147083,0.867116355,0.345145941,0.462457695,3.391198055,0.760965599,0.899190546,0.555131692,0.531282478,0.836334616,0.79509242,0.988135278,0.663440919,0.855832799,0.927247596,1.696963703
,152,0.574649718,0.635430727,0.868134149,0.737783513,0.681881182,0.653105158,0.597499741,0.849219825,0.722249479,0.610134353,0.61545975,0.691722626,0.682761169,0.674869574,0.68618572,0.66922556,0.673530168,0.642278176,0.743378906,0.630530967,0.74482683,0.669157589,0.845225369,0.650688747,0.641095946,0.644626666,0.810967022,0.772863729,0.803265378,0.721554007
,153,0.47048595,0.497547496,0.447044946,0.489863647,0.564105689,0.467443382,0.590480108,0.849180273,0.71998656,0.550123752,0.314876739,0.572061857,0.708711251,0.543172943,0.668468521,0.49476798,0.609378417,0.598283857,0.440158194,0.38591888,0.564890105,0.480629751,0.639103872,0.452329117,0.339929695,0.355860554,0.46356169,0.430789134,0.437457207,0.3485146
,154,0.612110676,0.538543503,0.683828486,0.580111672,0.596607227,0.640333994,0.692209618,0.942129614,0.846454285,0.637928698,0.542695731,0.766334709,0.867363015,0.795012963,0.758478348,0.701552645,0.883730006,0.739871635,0.62858275,0.586995288,0.884732383,0.836340709,1.113548014,0.712588835,0.63150739,0.664512231,0.900103957,0.831272884,0.83179073,0.71560742
,155,0.996125734,1.065135042,1.406642577,1.182700098,1.107204243,1.143091927,1.004692629,1.443884922,1.165991055,1.037047252,1.056385782,1.044478701,1.080438556,1.10553409,1.130550792,1.174951261,1.129344015,1.025520538,1.308929015,1.086016044,1.181240149,1.166064746,1.468696457,1.111494063,1.218340593,1.045352055,1.340939849,1.273456605,1.317435515,1.158115031
,158,2.155770959,2.056295513,2.072104959,1.754713354,1.74201634,1.779583657,1.96164992,2.639134722,2.207680481,2.077674049,1.468333117,1.826099127,2.185969535,1.959463092,1.889481733,1.887462731,2.076873201,1.924265923,1.050154045,1.496341771,1.79242648,1.741601762,2.070232798,1.614094125,1.455888656,1.17916073,1.605945278,1.360429437,1.27469929,1.037963951
,159,0.509751958,0.442215915,0.484920131,0.447589578,0.54232843,0.502378789,0.469107628,0.70214277,0.66053787,0.469275535,0.410337842,0.592077928,0.61235611,0.522572214,0.547127729,0.518287502,0.638952942,0.510364463,0.46965802,0.373384302,0.555627828,0.532773422,0.704068394,0.412415986,0.416965062,0.413353463,0.544098884,0.496174742,0.545698182,0.408978495
,160,1.788880714,1.710654853,1.654909567,1.39510963,1.355525358,1.291795659,1.404115695,1.879229944,1.572096423,1.428031991,1.180771932,1.306936205,1.497438063,1.347427868,1.202820199,1.259276557,1.427674876,1.250508997,0.693072144,0.913425034,1.020490196,1.000517643,1.216863098,0.98145357,0.872862005,0.765304525,0.988836726,0.833423568,0.739432599,0.589559659
,161,0.486562356,0.435310976,0.521495958,0.427592868,0.468765771,0.515334756,0.540018546,0.723470568,0.649517066,0.475746391,0.417479684,0.543422134,0.65253864,0.63378991,0.581367483,0.534167643,0.665065457,0.579743791,0.392422241,0.438909675,0.639092868,0.616887009,0.778032521,0.51958303,0.423849094,0.480067794,0.668648161,0.608558063,0.58959807,0.485994093
,162,1.129865172,1.220755071,0.987730388,1.13241716,1.282720052,0.914561202,1.237234742,1.574127979,1.409562482,1.158351452,0.647721191,1.178025485,1.498117641,1.131927526,1.353119286,1.126539478,1.358867624,1.364622544,0.738340319,0.973591979,1.459246514,1.302985983,1.585766779,1.146769478,0.858185136,0.996908059,1.356944881,1.227414399,1.321897041,0.916662514
,163,0.242582683,0.379338868,0.428249739,0.647811847,0.63965316,0.441388135,0.377448865,0.274413951,0.352370416,3.51122531,0.410907745,0.455140473,0.302360987,0.288270093,0.579993837,0.537991155,0.305393513,0.399802793,1.648407287,0.665203387,0.526391836,0.424879487,0.344979108,0.63454114,0.754369054,0.679009155,0.454595046,0.581388078,0.740627494,0.895113398
,164,0.724001124,0.672060186,1.727766206,1.121024679,0.785306896,1.308827644,0.777772521,0.942263852,0.852550781,0.655724469,0.693448051,0.524292168,0.700567387,0.926992656,0.885934583,0.803060279,0.830806536,0.682652568,0.982134688,0.852540578,0.57950448,0.841319686,0.768330857,0.782934766,0.864170947,0.725122023,0.552976912,0.566478425,0.528280344,0.738983561
,165,1.374530349,1.254641577,1.446799969,1.189098865,1.213015438,1.294441753,1.376387184,1.812624252,1.605177821,1.234042189,0.770310161,1.219469223,1.598711995,1.594040982,1.451067893,1.260645145,1.623994383,1.430209895,0.802443678,1.155572174,1.464323185,1.458578505,1.864732645,1.260999075,1.006475085,0.998585659,1.322355898,1.176346651,1.148862412,0.965353931
,166,0.57317886,0.475927564,0.553473122,0.420469636,0.425306289,0.475306225,0.453624002,0.56279523,0.521468804,0.478906529,0.421927834,0.431805797,0.503569513,0.526173442,0.439708527,0.475290751,0.506628391,0.447267275,0.251298472,0.366966235,0.40125368,0.407080172,0.505025002,0.405137749,0.374570342,0.370997291,0.46249891,0.401293553,0.355653019,0.295808141
,167,1.184392352,1.134284331,1.063045165,0.929971293,0.857229436,0.909095129,0.982780957,1.205677287,1.024834343,0.861052192,0.84923929,0.762484052,0.92000585,0.895843068,0.726556079,0.835714672,0.953377485,0.781854262,0.431652238,0.600377132,0.533780381,0.617321548,0.710702045,0.64921523,0.516482161,0.517345517,0.56974558,0.479315558,0.402309852,0.342407785
,169,0.499601681,0.561423257,0.243266015,0.590492482,0.746486798,0.171022611,0.40729944,0.650561481,0.532962621,0.562583007,0.445738643,0.669828133,0.576243769,0.198252678,0.601830897,0.500034296,0.420719344,0.49035636,0.749082366,0.264177626,0.666367434,0.487415265,0.637192259,0.448391349,0.594315553,0.466420712,0.685548083,0.693532555,0.795670332,0.611702656
,171,1.131521348,0.90942452,1.156857543,0.792914122,0.809681925,1.024316044,0.886456593,1.021734288,0.9906749,0.898908167,0.886627338,0.830062398,0.925866177,0.99141166,0.759630923,0.842713154,0.915320989,0.789382272,0.432533266,0.692281807,0.67894043,0.719213874,0.815130377,0.679552238,0.604939621,0.602631823,0.705491471,0.605813348,0.547000713,0.456800264
,172,0.822772766,0.835522896,0.810980834,0.724553925,0.829580244,0.686482286,0.819148587,1.154022843,0.933722913,0.88152476,0.481630203,0.805336347,1.005104186,0.806167452,0.902956939,0.706407959,0.825401226,0.838469707,0.470824065,0.585252467,0.800407206,0.701524807,0.886701581,0.601343857,0.545667791,0.451184325,0.688427263,0.590770527,0.564168436,0.451272603
,173,1.20877589,1.255853269,1.230235872,1.015521856,1.200690578,0.95510853,1.108876924,1.642763235,1.292856135,1.258412458,0.769169348,1.215062188,1.396117443,1.095739708,1.22989635,1.017590446,1.171654571,1.180527636,0.71847925,0.81324444,1.189777583,0.999587198,1.278040447,0.859547044,0.8277201,0.661858409,1.084131034,0.92493638,0.919997062,0.688233227
,174,1.152002853,1.080289261,1.039909504,0.957191876,0.857303048,0.891055746,0.981151402,1.287281638,1.073747258,0.898784143,0.793548914,0.789796623,0.997183751,0.895322942,0.829168885,0.881910317,1.032982359,0.866591803,0.489980383,0.636721208,0.66083805,0.697491068,0.839900785,0.693291397,0.568316073,0.529423935,0.664817452,0.560163653,0.491998943,0.42355537
